--
-- PostgreSQL database dump
--

-- Dumped from database version 12.1 (Ubuntu 12.1-1.pgdg18.04+1)
-- Dumped by pg_dump version 12.1 (Ubuntu 12.1-1.pgdg18.04+1)

SET statement_timeout = 0;
SET lock_timeout = 0;
SET idle_in_transaction_session_timeout = 0;
SET client_encoding = 'UTF8';
SET standard_conforming_strings = on;
SELECT pg_catalog.set_config('search_path', '', false);
SET check_function_bodies = false;
SET xmloption = content;
SET client_min_messages = warning;
SET row_security = off;

SET default_tablespace = '';

SET default_table_access_method = heap;

--
-- Name: ar_internal_metadata; Type: TABLE; Schema: public; Owner: lee
--

CREATE TABLE public.ar_internal_metadata (
    key character varying NOT NULL,
    value character varying,
    created_at timestamp without time zone NOT NULL,
    updated_at timestamp without time zone NOT NULL
);


ALTER TABLE public.ar_internal_metadata OWNER TO lee;

--
-- Name: products; Type: TABLE; Schema: public; Owner: lee
--

CREATE TABLE public.products (
    id bigint NOT NULL,
    name character varying,
    cost double precision,
    country_of_origin character varying,
    created_at timestamp without time zone NOT NULL,
    updated_at timestamp without time zone NOT NULL
);


ALTER TABLE public.products OWNER TO lee;

--
-- Name: products_id_seq; Type: SEQUENCE; Schema: public; Owner: lee
--

CREATE SEQUENCE public.products_id_seq
    START WITH 1
    INCREMENT BY 1
    NO MINVALUE
    NO MAXVALUE
    CACHE 1;


ALTER TABLE public.products_id_seq OWNER TO lee;

--
-- Name: products_id_seq; Type: SEQUENCE OWNED BY; Schema: public; Owner: lee
--

ALTER SEQUENCE public.products_id_seq OWNED BY public.products.id;


--
-- Name: reviews; Type: TABLE; Schema: public; Owner: lee
--

CREATE TABLE public.reviews (
    id bigint NOT NULL,
    author character varying,
    rating integer,
    content_body character varying,
    product_id integer,
    created_at timestamp without time zone NOT NULL,
    updated_at timestamp without time zone NOT NULL
);


ALTER TABLE public.reviews OWNER TO lee;

--
-- Name: reviews_id_seq; Type: SEQUENCE; Schema: public; Owner: lee
--

CREATE SEQUENCE public.reviews_id_seq
    START WITH 1
    INCREMENT BY 1
    NO MINVALUE
    NO MAXVALUE
    CACHE 1;


ALTER TABLE public.reviews_id_seq OWNER TO lee;

--
-- Name: reviews_id_seq; Type: SEQUENCE OWNED BY; Schema: public; Owner: lee
--

ALTER SEQUENCE public.reviews_id_seq OWNED BY public.reviews.id;


--
-- Name: schema_migrations; Type: TABLE; Schema: public; Owner: lee
--

CREATE TABLE public.schema_migrations (
    version character varying NOT NULL
);


ALTER TABLE public.schema_migrations OWNER TO lee;

--
-- Name: users; Type: TABLE; Schema: public; Owner: lee
--

CREATE TABLE public.users (
    id bigint NOT NULL,
    email character varying,
    password_hash character varying,
    password_salt character varying,
    admin boolean DEFAULT false
);


ALTER TABLE public.users OWNER TO lee;

--
-- Name: users_id_seq; Type: SEQUENCE; Schema: public; Owner: lee
--

CREATE SEQUENCE public.users_id_seq
    START WITH 1
    INCREMENT BY 1
    NO MINVALUE
    NO MAXVALUE
    CACHE 1;


ALTER TABLE public.users_id_seq OWNER TO lee;

--
-- Name: users_id_seq; Type: SEQUENCE OWNED BY; Schema: public; Owner: lee
--

ALTER SEQUENCE public.users_id_seq OWNED BY public.users.id;


--
-- Name: products id; Type: DEFAULT; Schema: public; Owner: lee
--

ALTER TABLE ONLY public.products ALTER COLUMN id SET DEFAULT nextval('public.products_id_seq'::regclass);


--
-- Name: reviews id; Type: DEFAULT; Schema: public; Owner: lee
--

ALTER TABLE ONLY public.reviews ALTER COLUMN id SET DEFAULT nextval('public.reviews_id_seq'::regclass);


--
-- Name: users id; Type: DEFAULT; Schema: public; Owner: lee
--

ALTER TABLE ONLY public.users ALTER COLUMN id SET DEFAULT nextval('public.users_id_seq'::regclass);


--
-- Data for Name: ar_internal_metadata; Type: TABLE DATA; Schema: public; Owner: lee
--

COPY public.ar_internal_metadata (key, value, created_at, updated_at) FROM stdin;
environment	development	2020-01-17 21:12:13.93319	2020-01-17 21:12:13.93319
\.


--
-- Data for Name: products; Type: TABLE DATA; Schema: public; Owner: lee
--

COPY public.products (id, name, cost, country_of_origin, created_at, updated_at) FROM stdin;
358	Rigel	75	Saturn	2020-01-18 00:22:51.2156	2020-01-18 00:22:51.2156
359	Sirius A	16	Mars	2020-01-18 00:22:51.271746	2020-01-18 00:22:51.271746
362	Sun	96	Saturn	2020-01-18 00:22:51.311476	2020-01-18 00:22:51.311476
363	Sun	60	Earth	2020-01-18 00:22:51.323227	2020-01-18 00:22:51.323227
364	Luyten 726 8 A	14	Earth	2020-01-18 00:22:51.337341	2020-01-18 00:22:51.337341
366	Luyten 726 8 A	37	Neptune	2020-01-18 00:22:51.367497	2020-01-18 00:22:51.367497
367	Proxima Centauri	13	Mars	2020-01-18 00:22:51.382704	2020-01-18 00:22:51.382704
368	Wolf 359	84	Uranus	2020-01-18 00:22:51.397298	2020-01-18 00:22:51.397298
369	Proxima Centauri	34	Earth	2020-01-18 00:22:51.411612	2020-01-18 00:22:51.411612
370	Procyon B	91	Mercury	2020-01-18 00:22:51.424816	2020-01-18 00:22:51.424816
371	Proxima Centauri	98	Jupiter	2020-01-18 00:22:51.438855	2020-01-18 00:22:51.438855
372	Rigel	34	Saturn	2020-01-18 00:22:51.452995	2020-01-18 00:22:51.452995
373	Barnards Star	42	Saturn	2020-01-18 00:22:51.478718	2020-01-18 00:22:51.478718
374	Luyten 726 8 B	37	Venus	2020-01-18 00:22:51.491312	2020-01-18 00:22:51.491312
375	Mahasim	86	Earth	2020-01-18 00:22:51.503973	2020-01-18 00:22:51.503973
376	Procyon B	52	Neptune	2020-01-18 00:22:51.518671	2020-01-18 00:22:51.518671
377	Ross 154	90	Neptune	2020-01-18 00:22:51.53143	2020-01-18 00:22:51.53143
378	Proxima Centauri	60	Saturn	2020-01-18 00:22:51.543388	2020-01-18 00:22:51.543388
379	Sun	99	Earth	2020-01-18 00:22:51.555467	2020-01-18 00:22:51.555467
380	Betelgeuse	14	Venus	2020-01-18 00:22:51.567653	2020-01-18 00:22:51.567653
381	Mahasim	19	Mars	2020-01-18 00:22:51.58101	2020-01-18 00:22:51.58101
382	Wolf 359	21	Jupiter	2020-01-18 00:22:51.593005	2020-01-18 00:22:51.593005
383	Betelgeuse	90	Uranus	2020-01-18 00:22:51.605775	2020-01-18 00:22:51.605775
384	Sirius A	73	Mars	2020-01-18 00:22:51.618732	2020-01-18 00:22:51.618732
386	Rigel	30	Mercury	2020-01-18 00:22:51.642944	2020-01-18 00:22:51.642944
387	Rigel	90	Mars	2020-01-18 00:22:51.654725	2020-01-18 00:22:51.654725
388	Procyon A	31	Venus	2020-01-18 00:22:51.668609	2020-01-18 00:22:51.668609
389	Sirius B	99	Earth	2020-01-18 00:22:51.680985	2020-01-18 00:22:51.680985
390	Sirius A	17	Venus	2020-01-18 00:22:51.694051	2020-01-18 00:22:51.694051
391	Barnards Star	74	Venus	2020-01-18 00:22:51.70662	2020-01-18 00:22:51.70662
392	Mahasim	10	Mars	2020-01-18 00:22:51.721238	2020-01-18 00:22:51.721238
393	Betelgeuse	18	Uranus	2020-01-18 00:22:51.735149	2020-01-18 00:22:51.735149
394	Sirius B	92	Neptune	2020-01-18 00:22:51.747848	2020-01-18 00:22:51.747848
395	Sirius B	42	Uranus	2020-01-18 00:22:51.760354	2020-01-18 00:22:51.760354
396	Rigel	89	Uranus	2020-01-18 00:22:51.773033	2020-01-18 00:22:51.773033
397	Arcturus	58	Earth	2020-01-18 00:22:51.78559	2020-01-18 00:22:51.78559
398	Ross 154	18	Earth	2020-01-18 00:22:51.798479	2020-01-18 00:22:51.798479
399	Procyon B	11	Uranus	2020-01-18 00:22:51.810957	2020-01-18 00:22:51.810957
400	Procyon A	89	Venus	2020-01-18 00:22:51.864754	2020-01-18 00:22:51.864754
401	Proxima Centauri	17	Jupiter	2020-01-18 00:22:51.960284	2020-01-18 00:22:51.960284
402	Luyten 726 8 A	22	Earth	2020-01-18 00:22:51.973255	2020-01-18 00:22:51.973255
403	Betelgeuse	91	Neptune	2020-01-18 00:22:51.985876	2020-01-18 00:22:51.985876
404	Proxima Centauri	76	Earth	2020-01-18 00:22:51.998629	2020-01-18 00:22:51.998629
405	Betelgeuse	61	Mercury	2020-01-18 00:22:52.011586	2020-01-18 00:22:52.011586
406	Sun	19	Mercury	2020-01-18 00:22:52.024925	2020-01-18 00:22:52.024925
407	Procyon B	35	Uranus	2020-01-18 00:22:52.037505	2020-01-18 00:22:52.037505
360	Betelgeuse	87	United States	2020-01-18 00:22:51.285116	2020-01-18 00:30:43.37391
365	Luyten 726 8 A	33	United	2020-01-18 00:22:51.35243	2020-01-18 00:30:57.536854
361	Sirius A	36	United States	2020-01-18 00:22:51.298316	2020-01-18 00:31:10.268572
385	Ross 248	60	United States	2020-01-18 00:22:51.630509	2020-01-18 00:32:24.310004
\.


--
-- Data for Name: reviews; Type: TABLE DATA; Schema: public; Owner: lee
--

COPY public.reviews (id, author, rating, content_body, product_id, created_at, updated_at) FROM stdin;
3759	Me	5	Excellent star. 5 stars. words words words words words words words words words words	380	2020-01-18 00:24:57.013974	2020-01-18 00:24:57.013974
3509	Gabriela Witting Ii	5	Iusto molestiae perspiciatis optio hic eligendi asperiores quis itaque impedit aspernatur possimus sit.	358	2020-01-18 00:22:51.259375	2020-01-18 00:22:51.259375
3510	Mike Kiehn	2	Facilis quas adipisci nam non explicabo aut suscipit unde sunt impedit cumque rerum.	358	2020-01-18 00:22:51.262466	2020-01-18 00:22:51.262466
3511	Gerry Blanda	5	Hic quam dolore tempore voluptas doloribus et nulla voluptatem ut recusandae sit vel.	358	2020-01-18 00:22:51.264799	2020-01-18 00:22:51.264799
3512	Mr. Jane Considine	3	In maxime voluptatem possimus aliquam sit cupiditate quos sint quasi ipsum dolor eos.	358	2020-01-18 00:22:51.266778	2020-01-18 00:22:51.266778
3513	Williams Schneider	4	Facilis accusantium culpa voluptatem beatae voluptates labore dolor quis animi aut necessitatibus odit.	358	2020-01-18 00:22:51.268778	2020-01-18 00:22:51.268778
3514	Scot Jacobs	4	Nemo pariatur quia quibusdam cumque delectus exercitationem cum adipisci illo sed occaecati excepturi.	359	2020-01-18 00:22:51.274255	2020-01-18 00:22:51.274255
3515	Mimi Kertzmann	4	Omnis nesciunt fugit qui laborum qui et et aut qui eligendi ipsam autem.	359	2020-01-18 00:22:51.277588	2020-01-18 00:22:51.277588
3516	Maris Luettgen	1	Dicta consectetur sint ea doloremque nesciunt deleniti minus est nulla unde est nihil.	359	2020-01-18 00:22:51.279677	2020-01-18 00:22:51.279677
3517	Lonny Wunsch	4	Aut et est ad et omnis ipsa tempora aperiam voluptates natus in beatae.	359	2020-01-18 00:22:51.281556	2020-01-18 00:22:51.281556
3518	Miss Ward Kling	2	Dolorem qui asperiores rerum rerum deleniti et dignissimos laborum et suscipit facilis aut.	359	2020-01-18 00:22:51.283472	2020-01-18 00:22:51.283472
3519	Shanelle Thiel Ii	4	Consequatur accusamus aut quo laudantium amet doloribus fugit perferendis rem similique velit consequuntur.	360	2020-01-18 00:22:51.287124	2020-01-18 00:22:51.287124
3520	Elina Bednar	4	Eos et ipsum nostrum commodi ea omnis vitae minima eveniet sint quia odit.	360	2020-01-18 00:22:51.289272	2020-01-18 00:22:51.289272
3521	Neville Leuschke	4	Minus qui sunt labore minima non dolorem quo enim accusantium voluptatem aliquam reiciendis.	360	2020-01-18 00:22:51.291686	2020-01-18 00:22:51.291686
3522	Roxanne Ortiz	4	Iste deserunt voluptatem assumenda similique voluptate maxime est et fuga voluptatem natus et.	360	2020-01-18 00:22:51.294642	2020-01-18 00:22:51.294642
3523	Micha Dibbert	3	Voluptatibus est aliquam omnis harum cum cumque corporis est et adipisci et eum.	360	2020-01-18 00:22:51.296569	2020-01-18 00:22:51.296569
3524	Florentino Block Dvm	1	Labore delectus repudiandae dolor fugiat blanditiis magni distinctio maiores voluptate ut saepe sint.	361	2020-01-18 00:22:51.300484	2020-01-18 00:22:51.300484
3525	Mr. Hye Abbott	5	Quisquam nesciunt a et quia et amet velit ut omnis eaque et ut.	361	2020-01-18 00:22:51.302543	2020-01-18 00:22:51.302543
3526	Regenia Balistreri	4	Aut qui iusto natus laboriosam ut delectus voluptate doloribus aut quas explicabo qui.	361	2020-01-18 00:22:51.304427	2020-01-18 00:22:51.304427
3527	Dr. Madelyn Hammes	1	Aut et qui hic distinctio sunt omnis asperiores quas similique a commodi consectetur.	361	2020-01-18 00:22:51.306286	2020-01-18 00:22:51.306286
3528	Gavin Toy	5	Dolor ut esse rerum est commodi nesciunt quis vel dignissimos architecto unde pariatur.	361	2020-01-18 00:22:51.308815	2020-01-18 00:22:51.308815
3529	Enrique Shields	3	Repellendus quam perferendis consequatur omnis facilis explicabo non qui sequi dolorum qui voluptatem.	362	2020-01-18 00:22:51.313628	2020-01-18 00:22:51.313628
3530	Wilfred Tremblay	4	Odio quisquam accusantium ipsam qui et porro cum inventore dignissimos ut voluptatem sit.	362	2020-01-18 00:22:51.315675	2020-01-18 00:22:51.315675
3531	Scarlett O'keefe Ii	1	Cumque voluptas enim explicabo unde ipsam numquam sapiente voluptatibus doloribus itaque commodi provident.	362	2020-01-18 00:22:51.317563	2020-01-18 00:22:51.317563
3532	Freddie Johns Dvm	2	Optio nemo enim corporis quae velit harum voluptatibus mollitia in sit et fuga.	362	2020-01-18 00:22:51.319549	2020-01-18 00:22:51.319549
3533	Noelia Dickinson	2	In eligendi occaecati rem cupiditate illo temporibus quia aut et laborum qui error.	362	2020-01-18 00:22:51.321472	2020-01-18 00:22:51.321472
3534	Lonny Von Rueden	1	Iusto ratione est soluta in laboriosam expedita vero eos consectetur illo repudiandae tempore.	363	2020-01-18 00:22:51.326247	2020-01-18 00:22:51.326247
3535	Marilee Wilderman Md	3	Quia nobis et labore asperiores deserunt aut placeat id sed a minus dicta.	363	2020-01-18 00:22:51.329435	2020-01-18 00:22:51.329435
3536	Sherwood Welch	5	Ut facilis a voluptatum nobis perferendis veniam et molestias id qui et ducimus.	363	2020-01-18 00:22:51.331746	2020-01-18 00:22:51.331746
3537	Leda Heathcote	3	Cumque totam vero dolore dolorem velit accusamus eligendi labore quis ipsum maxime omnis.	363	2020-01-18 00:22:51.33377	2020-01-18 00:22:51.33377
3538	Opal Huel	2	Fuga ullam veritatis odit ut qui officia ea rem ipsam dolorum ut reiciendis.	363	2020-01-18 00:22:51.335678	2020-01-18 00:22:51.335678
3539	Theron Rice	4	Nihil inventore qui amet magni fugit provident ex et distinctio corporis nostrum tempora.	364	2020-01-18 00:22:51.340175	2020-01-18 00:22:51.340175
3540	Edmundo Walsh	2	Aut et voluptas nemo dolor ipsum iure cum at quasi sed voluptatem laborum.	364	2020-01-18 00:22:51.343659	2020-01-18 00:22:51.343659
3541	Michelina Homenick	4	Eos similique et laboriosam est voluptatibus a maxime nulla totam est repellendus dolores.	364	2020-01-18 00:22:51.346787	2020-01-18 00:22:51.346787
3542	Mrs. Marlana Dicki	4	Sed reprehenderit repudiandae in dolorem debitis veritatis quidem labore maiores deleniti sint quo.	364	2020-01-18 00:22:51.348885	2020-01-18 00:22:51.348885
3543	Nicolas Mertz	4	Officia ut provident dolorum rerum odit non doloremque magni voluptatum voluptatibus ut voluptatem.	364	2020-01-18 00:22:51.350783	2020-01-18 00:22:51.350783
3544	Mrs. Max Ankunding	5	Et ipsum modi sapiente dolorum ut et amet omnis nostrum eos temporibus distinctio.	365	2020-01-18 00:22:51.355066	2020-01-18 00:22:51.355066
3545	Raymond Jones Jr.	4	Exercitationem esse qui ducimus qui consectetur sit excepturi magni doloremque ea sit vero.	365	2020-01-18 00:22:51.35722	2020-01-18 00:22:51.35722
3546	Gail Zieme	2	Consequatur praesentium enim et illo ducimus dolorum et quibusdam ut illum aliquid eligendi.	365	2020-01-18 00:22:51.360525	2020-01-18 00:22:51.360525
3547	Charley Thompson	3	Eius praesentium et omnis sed maiores sit quis qui iste aut animi est.	365	2020-01-18 00:22:51.363406	2020-01-18 00:22:51.363406
3548	Tabetha Baumbach	2	Sunt sint et qui alias nesciunt distinctio cupiditate nihil qui cumque cum rerum.	365	2020-01-18 00:22:51.365798	2020-01-18 00:22:51.365798
3549	Kayleen Ferry	3	Ut eum velit illo quod voluptatem est aut beatae et amet et ipsa.	366	2020-01-18 00:22:51.370664	2020-01-18 00:22:51.370664
3550	Lane Huel Dds	1	Illum et ea repellat rerum quisquam adipisci mollitia officia sit dolorem nobis possimus.	366	2020-01-18 00:22:51.37287	2020-01-18 00:22:51.37287
3551	Osvaldo Jast Iii	5	Aliquam sint voluptas qui tempore aut ex nam facere neque quas est aut.	366	2020-01-18 00:22:51.375295	2020-01-18 00:22:51.375295
3552	Landon Morar	1	Provident et quis magnam voluptas voluptate rerum eum aut quidem molestiae nisi placeat.	366	2020-01-18 00:22:51.378883	2020-01-18 00:22:51.378883
3553	Demetrice Bechtelar Md	5	Rem tenetur placeat debitis aliquam enim repudiandae consequuntur aut atque impedit in esse.	366	2020-01-18 00:22:51.381023	2020-01-18 00:22:51.381023
3554	Gregg Berge Iii	2	Ut sed facere tenetur necessitatibus reprehenderit omnis consequatur sed quis minus hic in.	367	2020-01-18 00:22:51.384786	2020-01-18 00:22:51.384786
3555	Winfred Schiller	5	Consequuntur quod numquam nobis nam maiores reprehenderit architecto adipisci fugit ut eos aut.	367	2020-01-18 00:22:51.38717	2020-01-18 00:22:51.38717
3556	Odell Hayes	1	Eligendi aut ab deleniti architecto beatae dolores aperiam consequatur est sit quo voluptates.	367	2020-01-18 00:22:51.389112	2020-01-18 00:22:51.389112
3557	Chantell Bergnaum Iv	4	Quisquam quod temporibus labore culpa et sit placeat maxime qui explicabo laboriosam animi.	367	2020-01-18 00:22:51.39151	2020-01-18 00:22:51.39151
3558	Claud Veum Iii	2	Voluptatem iste numquam placeat quas provident sit voluptas magni et ut omnis similique.	367	2020-01-18 00:22:51.395218	2020-01-18 00:22:51.395218
3559	Minna Hegmann	1	Omnis est quia praesentium est totam assumenda eos reprehenderit qui sit voluptatem soluta.	368	2020-01-18 00:22:51.39969	2020-01-18 00:22:51.39969
3560	Jasper Aufderhar	3	Doloremque earum aut quis necessitatibus dolor illo aut sunt consequatur ipsa et ullam.	368	2020-01-18 00:22:51.401912	2020-01-18 00:22:51.401912
3561	Josef Keebler	2	Numquam et nisi porro tenetur ea sit velit eum et reiciendis laborum aut.	368	2020-01-18 00:22:51.404205	2020-01-18 00:22:51.404205
3562	Marline Homenick	4	Sed alias eius nostrum fuga minima adipisci necessitatibus quo itaque eligendi totam quidem.	368	2020-01-18 00:22:51.406177	2020-01-18 00:22:51.406177
3563	Karie Rodriguez Dds	1	Quibusdam quaerat magni est ut asperiores amet itaque neque sint necessitatibus harum qui.	368	2020-01-18 00:22:51.408683	2020-01-18 00:22:51.408683
3564	Kayleen King	3	Veritatis adipisci quas unde similique voluptate quam praesentium ut natus perspiciatis qui voluptatem.	369	2020-01-18 00:22:51.41383	2020-01-18 00:22:51.41383
3565	Palmira Feil	5	Sit qui veritatis omnis aut tempore eius ut quos voluptas tempora quae nulla.	369	2020-01-18 00:22:51.416145	2020-01-18 00:22:51.416145
3566	Silvia Gerlach	1	Atque distinctio ullam dolorem commodi quae et temporibus quisquam repellendus et ipsum ea.	369	2020-01-18 00:22:51.41845	2020-01-18 00:22:51.41845
3567	Kris Dach	5	Corrupti sapiente enim et labore architecto est aut ratione beatae officia ut sed.	369	2020-01-18 00:22:51.420597	2020-01-18 00:22:51.420597
3568	Tiffaney Batz	5	Deserunt voluptatem tempore est fugit velit temporibus dolorum voluptatibus labore at eum accusamus.	369	2020-01-18 00:22:51.422614	2020-01-18 00:22:51.422614
3569	Cornell Streich	1	Accusantium accusamus modi sed qui et architecto earum unde quia libero reprehenderit rem.	370	2020-01-18 00:22:51.428422	2020-01-18 00:22:51.428422
3570	Chara Marvin	3	Deleniti eligendi ut voluptates doloremque dicta quidem consectetur vel vitae numquam non animi.	370	2020-01-18 00:22:51.430589	2020-01-18 00:22:51.430589
3571	Alfonso Gleichner	3	Et qui autem molestiae repellendus accusantium odio ab voluptate est esse rerum rerum.	370	2020-01-18 00:22:51.432581	2020-01-18 00:22:51.432581
3572	Willis Willms	2	Itaque modi dolorem vel voluptas et excepturi facere earum tempora non doloribus adipisci.	370	2020-01-18 00:22:51.435133	2020-01-18 00:22:51.435133
3573	Rolando Walsh	2	Quia non sapiente laborum occaecati repellat tenetur autem porro est sint libero omnis.	370	2020-01-18 00:22:51.437151	2020-01-18 00:22:51.437151
3574	Milan Deckow	1	Dolorem ipsa sequi alias fugit consequatur excepturi ducimus libero est aperiam ullam delectus.	371	2020-01-18 00:22:51.441261	2020-01-18 00:22:51.441261
3575	Hazel Bernhard	4	Natus dolorum sapiente est maxime eos consequatur perspiciatis eius sunt quisquam at reprehenderit.	371	2020-01-18 00:22:51.444502	2020-01-18 00:22:51.444502
3576	Bernie Wolf Dvm	2	Vel quia saepe laborum et ea aut fuga ab rem modi exercitationem eum.	371	2020-01-18 00:22:51.446633	2020-01-18 00:22:51.446633
3577	Jordan Jacobs	2	Sequi eaque quaerat molestiae omnis maiores voluptatem illo tempora alias autem facere facilis.	371	2020-01-18 00:22:51.448586	2020-01-18 00:22:51.448586
3578	Frankie Larkin Iv	1	Repellendus ducimus optio et quia vitae voluptates delectus eos pariatur reprehenderit omnis alias.	371	2020-01-18 00:22:51.451181	2020-01-18 00:22:51.451181
3579	Alfonso Spencer	5	Alias doloremque esse adipisci rerum quisquam culpa praesentium officia voluptas aut quidem iste.	372	2020-01-18 00:22:51.455153	2020-01-18 00:22:51.455153
3580	Christin Yundt	4	Qui quibusdam tenetur eum pariatur rem incidunt voluptas tempora voluptate quas totam veritatis.	372	2020-01-18 00:22:51.469289	2020-01-18 00:22:51.469289
3581	Eloise Hauck	2	Nostrum libero voluptatem harum rem et dolor qui nihil qui sapiente dolorem tempora.	372	2020-01-18 00:22:51.471258	2020-01-18 00:22:51.471258
3582	Ricardo Hickle I	3	Et quam voluptatem dignissimos officia ut nemo ducimus dolorem assumenda quae earum accusamus.	372	2020-01-18 00:22:51.473084	2020-01-18 00:22:51.473084
3583	Danyel Runolfsdottir	5	Quibusdam veritatis repellat ipsum tempore blanditiis quidem enim eius aut quae consequatur porro.	372	2020-01-18 00:22:51.476354	2020-01-18 00:22:51.476354
3584	Cary Lockman Jr.	2	Vel voluptatem perferendis aperiam possimus quis quis aut explicabo autem quia cumque et.	373	2020-01-18 00:22:51.481135	2020-01-18 00:22:51.481135
3585	Cameron Lakin	2	Reprehenderit qui blanditiis quis laboriosam cupiditate magni laborum accusantium impedit molestiae eos est.	373	2020-01-18 00:22:51.483622	2020-01-18 00:22:51.483622
3586	Phyllis Ernser	3	Suscipit dolores consequatur autem in aut eius maiores doloremque est voluptatum illum in.	373	2020-01-18 00:22:51.485537	2020-01-18 00:22:51.485537
3587	Allen Lang	1	Quam tempore ut et ratione sed soluta sed et commodi dolor at fugit.	373	2020-01-18 00:22:51.487377	2020-01-18 00:22:51.487377
3588	Royal Doyle	3	Qui eaque optio molestiae consectetur ipsum labore delectus eum et voluptatibus voluptas in.	373	2020-01-18 00:22:51.489186	2020-01-18 00:22:51.489186
3589	Mindy Mann	3	Error et eius quibusdam veniam commodi aspernatur cupiditate delectus saepe nisi provident alias.	374	2020-01-18 00:22:51.494406	2020-01-18 00:22:51.494406
3590	Cristobal Homenick	1	Numquam est quidem doloremque quaerat dolorem ut ut sed sint voluptate excepturi atque.	374	2020-01-18 00:22:51.49641	2020-01-18 00:22:51.49641
3591	Ms. Wade Baumbach	1	Nisi deserunt rerum aut enim dolorem porro quam ea libero eaque sit nihil.	374	2020-01-18 00:22:51.498587	2020-01-18 00:22:51.498587
3592	Simone Altenwerth	2	Soluta distinctio ut id aut laborum quis enim consectetur ut et illo officia.	374	2020-01-18 00:22:51.500548	2020-01-18 00:22:51.500548
3593	Shamika Kris Sr.	3	Enim voluptatem consequatur libero nulla numquam voluptatem ad aut natus eum incidunt eaque.	374	2020-01-18 00:22:51.502381	2020-01-18 00:22:51.502381
3594	Dr. Coy Durgan	3	Hic nesciunt veritatis molestiae architecto qui qui eius odio id rerum ratione consequatur.	375	2020-01-18 00:22:51.506348	2020-01-18 00:22:51.506348
3595	Kassie Conroy Sr.	4	Vero laborum veniam sed est qui velit iusto et nisi hic quis accusamus.	375	2020-01-18 00:22:51.509456	2020-01-18 00:22:51.509456
3596	Cornell Sipes	2	Delectus corrupti repellat fugiat repellendus qui dolorem sed quos aut voluptate rerum est.	375	2020-01-18 00:22:51.512372	2020-01-18 00:22:51.512372
3597	Joel Auer	3	Rerum reiciendis assumenda eum dolorum nostrum rerum vel qui dolor similique qui beatae.	375	2020-01-18 00:22:51.515079	2020-01-18 00:22:51.515079
3598	Chi Wilderman	1	Facilis tenetur quas dolore mollitia saepe harum velit neque eos autem enim ut.	375	2020-01-18 00:22:51.516997	2020-01-18 00:22:51.516997
3599	Mendy Roob	5	Assumenda asperiores rerum non reprehenderit quia a similique est quis dolorem quia non.	376	2020-01-18 00:22:51.520659	2020-01-18 00:22:51.520659
3600	Ermelinda Mayer	2	Sint reiciendis amet voluptatem atque ut ex sapiente deleniti ut iusto nostrum ducimus.	376	2020-01-18 00:22:51.522914	2020-01-18 00:22:51.522914
3601	Cornell Bernier	1	Mollitia at esse omnis omnis aliquid consequatur nostrum est tempora maxime commodi rerum.	376	2020-01-18 00:22:51.524995	2020-01-18 00:22:51.524995
3602	Gil Kunde	4	Voluptatibus debitis perferendis ducimus hic voluptatem quod alias dolor eveniet culpa animi est.	376	2020-01-18 00:22:51.527392	2020-01-18 00:22:51.527392
3603	Kieth Ruecker Ph D	4	Rerum ea ut voluptatem eligendi qui ut nam dolores omnis iure accusantium minus.	376	2020-01-18 00:22:51.529348	2020-01-18 00:22:51.529348
3604	Dennis Hickle	5	Ut aperiam explicabo unde eaque ut nam aut ut minus voluptas provident aliquam.	377	2020-01-18 00:22:51.533416	2020-01-18 00:22:51.533416
3605	Latisha Ritchie Sr.	3	Enim rerum deserunt fugiat tempore id expedita eius debitis ut animi odio ea.	377	2020-01-18 00:22:51.535291	2020-01-18 00:22:51.535291
3606	Thao Gulgowski	3	Ut doloremque quis modi ut omnis vel eum voluptas tempora officia delectus expedita.	377	2020-01-18 00:22:51.537068	2020-01-18 00:22:51.537068
3607	Carmelo Wintheiser Iii	4	Assumenda cum sunt est aliquam ut et tempore quis quidem sit molestias dolorem.	377	2020-01-18 00:22:51.539363	2020-01-18 00:22:51.539363
3608	Andre Gusikowski Sr.	3	Sint quam maiores ducimus hic similique cumque itaque iusto voluptatum magnam aliquam non.	377	2020-01-18 00:22:51.541692	2020-01-18 00:22:51.541692
3609	Rudy Christiansen	5	Est voluptatibus ut doloremque deleniti illo eius reiciendis perspiciatis voluptates consectetur ipsam cumque.	378	2020-01-18 00:22:51.545514	2020-01-18 00:22:51.545514
3610	Cameron Schmitt	5	Quis fuga quia sequi molestias non dolores recusandae magnam rem voluptatum nobis veritatis.	378	2020-01-18 00:22:51.548001	2020-01-18 00:22:51.548001
3611	Eufemia Abbott	2	Eos itaque minima laborum officia qui adipisci facere vel ea ut voluptas qui.	378	2020-01-18 00:22:51.549808	2020-01-18 00:22:51.549808
3612	Dylan Leuschke	1	Sint nihil tempora tenetur at inventore provident et quis voluptatibus atque voluptatem ea.	378	2020-01-18 00:22:51.551579	2020-01-18 00:22:51.551579
3613	Max Ferry Md	1	Assumenda incidunt tempore accusamus voluptas natus tenetur minima suscipit aut voluptatem consequatur aliquid.	378	2020-01-18 00:22:51.553391	2020-01-18 00:22:51.553391
3614	Julissa Trantow	3	Ut in alias odio autem facere culpa corrupti quaerat vel id maxime quia.	379	2020-01-18 00:22:51.557672	2020-01-18 00:22:51.557672
3615	Yolando Schaefer	2	Voluptatum id id qui et quidem nemo quo voluptate exercitationem officia aperiam et.	379	2020-01-18 00:22:51.559588	2020-01-18 00:22:51.559588
3616	Mrs. Alejandra Kautzer	5	Aut consectetur provident reiciendis voluptas officiis dolore aut et cum quos ab corrupti.	379	2020-01-18 00:22:51.561373	2020-01-18 00:22:51.561373
3617	Lance Wunsch	1	Enim qui sit assumenda facere praesentium nostrum nisi tenetur deleniti sit accusamus voluptatibus.	379	2020-01-18 00:22:51.563797	2020-01-18 00:22:51.563797
3618	Ms. Rufus Mosciski	3	Magni sequi enim fuga voluptate rem excepturi voluptatem sapiente natus cupiditate harum quo.	379	2020-01-18 00:22:51.56579	2020-01-18 00:22:51.56579
3619	Patsy Nader	5	Impedit quasi voluptatem qui blanditiis sed autem enim nulla quaerat et est sit.	380	2020-01-18 00:22:51.570112	2020-01-18 00:22:51.570112
3620	Mason Prosacco Iv	2	Aliquid quia inventore magni omnis in sequi sit quasi asperiores dolor est et.	380	2020-01-18 00:22:51.572509	2020-01-18 00:22:51.572509
3621	Mr. Trent Satterfield	2	At qui dolorem odio aliquid culpa ut consectetur harum ipsa animi necessitatibus impedit.	380	2020-01-18 00:22:51.574468	2020-01-18 00:22:51.574468
3622	Lester Hauck	4	Qui sunt expedita possimus et repellat consectetur autem voluptas fugiat doloremque debitis tempore.	380	2020-01-18 00:22:51.57681	2020-01-18 00:22:51.57681
3623	Kelly Harvey	1	Quia quisquam accusamus quas et optio voluptatem vitae reprehenderit nihil sint rem voluptas.	380	2020-01-18 00:22:51.579142	2020-01-18 00:22:51.579142
3624	Dr. Lashaun Prohaska	3	Est dolores cum consequatur eligendi molestiae hic est id corporis mollitia alias eaque.	381	2020-01-18 00:22:51.583144	2020-01-18 00:22:51.583144
3625	Max Parisian	1	Et molestiae nam enim aut aspernatur facere repellat officiis voluptatem eligendi maiores repudiandae.	381	2020-01-18 00:22:51.584966	2020-01-18 00:22:51.584966
3626	Carey Schmitt I	3	Dolores id accusantium tempora aut autem officiis et culpa possimus id omnis velit.	381	2020-01-18 00:22:51.587222	2020-01-18 00:22:51.587222
3627	Jimmie Mc Glynn	1	Ab dolores voluptas eos ea qui accusantium eligendi excepturi esse aliquam commodi alias.	381	2020-01-18 00:22:51.589167	2020-01-18 00:22:51.589167
3628	Tim Rohan	3	Et maxime fugit dolore et quos animi deleniti corrupti inventore quia aspernatur aut.	381	2020-01-18 00:22:51.591396	2020-01-18 00:22:51.591396
3629	Willy Pollich	1	Saepe adipisci error nostrum omnis temporibus veritatis nemo labore odio ut facere deleniti.	382	2020-01-18 00:22:51.595449	2020-01-18 00:22:51.595449
3630	Kym Rau	2	Ipsam rerum rerum vel quaerat non tempore et a qui libero ab voluptatibus.	382	2020-01-18 00:22:51.597358	2020-01-18 00:22:51.597358
3631	Quinton Baumbach	3	Reprehenderit natus laboriosam necessitatibus et voluptatem nemo dignissimos sequi in ipsa quia voluptatem.	382	2020-01-18 00:22:51.599658	2020-01-18 00:22:51.599658
3632	Giovanni Berge	5	Ut eveniet rerum quasi veniam eos corrupti beatae debitis explicabo laborum omnis quod.	382	2020-01-18 00:22:51.601646	2020-01-18 00:22:51.601646
3633	Shenna Franecki	4	Sint quibusdam possimus nemo aut quis libero velit velit eos eaque molestiae nobis.	382	2020-01-18 00:22:51.604126	2020-01-18 00:22:51.604126
3634	Pok Hauck	2	Velit voluptatem laboriosam sint totam cum quod quis earum ut consectetur architecto fuga.	383	2020-01-18 00:22:51.608259	2020-01-18 00:22:51.608259
3635	Joshua Howell	3	Qui reiciendis reprehenderit autem hic molestiae provident officiis dolorem consequatur qui eveniet autem.	383	2020-01-18 00:22:51.611017	2020-01-18 00:22:51.611017
3636	Vicente Hermann Iv	4	Minima assumenda doloribus neque quo qui qui placeat voluptas vero deleniti iste voluptates.	383	2020-01-18 00:22:51.612965	2020-01-18 00:22:51.612965
3637	Marti Murazik Iii	2	Earum autem sequi eos ut sed error voluptates vero veritatis doloremque itaque natus.	383	2020-01-18 00:22:51.614789	2020-01-18 00:22:51.614789
3638	Mrs. Darrel Kovacek	2	Expedita dolore et omnis tempora aut voluptatem similique perspiciatis quibusdam iure quia voluptatem.	383	2020-01-18 00:22:51.61662	2020-01-18 00:22:51.61662
3639	Latisha West Iv	2	Iure sed enim molestiae nihil sint labore quis voluptas quia ullam id aut.	384	2020-01-18 00:22:51.620902	2020-01-18 00:22:51.620902
3640	Max Ankunding	3	Blanditiis aut occaecati aperiam id fuga ab eaque quis sed cum pariatur eveniet.	384	2020-01-18 00:22:51.622764	2020-01-18 00:22:51.622764
3641	Ollie Stanton	4	Vero odit quasi blanditiis consequatur repellendus esse minus distinctio et velit culpa enim.	384	2020-01-18 00:22:51.624764	2020-01-18 00:22:51.624764
3642	Greg Howell	2	Voluptas ut libero sunt est dolorum ea commodi praesentium totam exercitationem expedita autem.	384	2020-01-18 00:22:51.62701	2020-01-18 00:22:51.62701
3643	Stephen Lebsack	2	Assumenda dolorem provident aliquam quia quia ut alias et qui facere doloremque quibusdam.	384	2020-01-18 00:22:51.628869	2020-01-18 00:22:51.628869
3644	Scot Quigley Sr.	1	Quia quam voluptatem sint quasi aliquam quia esse amet rerum officia id molestiae.	385	2020-01-18 00:22:51.632504	2020-01-18 00:22:51.632504
3645	Roy Kulas	3	Dolore ratione praesentium harum rem accusantium repellendus fugiat vitae est nulla quibusdam vero.	385	2020-01-18 00:22:51.635015	2020-01-18 00:22:51.635015
3646	Miss Garnet Bahringer	3	Nulla et impedit aut dolorum quia tempore odio cumque voluptas sequi minus dolor.	385	2020-01-18 00:22:51.637054	2020-01-18 00:22:51.637054
3647	Mrs. Elijah Kuvalis	2	Ut quia ipsum est reiciendis sint et magni animi omnis distinctio voluptatem earum.	385	2020-01-18 00:22:51.638912	2020-01-18 00:22:51.638912
3648	Donn Casper	4	Libero repellendus eligendi harum aut nisi non autem consequatur quos est dolore eos.	385	2020-01-18 00:22:51.640857	2020-01-18 00:22:51.640857
3649	Claudio Veum	3	Aut sint non qui itaque fugit qui fugiat placeat est in sequi ipsam.	386	2020-01-18 00:22:51.645001	2020-01-18 00:22:51.645001
3745	Magaret Treutel	4	Distinctio ut commodi sunt aperiam deleniti omnis dicta quia quisquam ipsa fuga et.	405	2020-01-18 00:22:52.016037	2020-01-18 00:22:52.016037
3650	Tereasa Williamson	3	Aut deserunt suscipit quam eaque labore beatae inventore sit temporibus et omnis odio.	386	2020-01-18 00:22:51.646838	2020-01-18 00:22:51.646838
3651	Ilda Spencer Dvm	4	Quia ut incidunt pariatur tempora sed rerum debitis possimus laborum quas unde aut.	386	2020-01-18 00:22:51.64868	2020-01-18 00:22:51.64868
3652	Minna Reichel	1	Aperiam laudantium quia quasi dignissimos iure id hic corrupti et fuga officia nostrum.	386	2020-01-18 00:22:51.651179	2020-01-18 00:22:51.651179
3653	Erlinda Beahan	5	Numquam exercitationem consequatur cupiditate at dolorem consequuntur id nihil vitae quaerat placeat vel.	386	2020-01-18 00:22:51.653077	2020-01-18 00:22:51.653077
3654	Hobert Volkman	4	Molestias quia quos sed dolorem eum vel itaque sed aut soluta vitae odio.	387	2020-01-18 00:22:51.656735	2020-01-18 00:22:51.656735
3655	Sammie Abernathy Ii	4	Sequi enim iste reprehenderit recusandae et aperiam consequuntur provident cumque voluptatum voluptatem non.	387	2020-01-18 00:22:51.659134	2020-01-18 00:22:51.659134
3656	Waylon Strosin Dvm	4	Sit laudantium minus animi veniam suscipit voluptas veritatis quia sunt quasi eius quis.	387	2020-01-18 00:22:51.662021	2020-01-18 00:22:51.662021
3657	Marina Pacocha	3	Voluptates aliquam dignissimos et voluptatibus consequatur accusamus vero eligendi deserunt ut debitis qui.	387	2020-01-18 00:22:51.664247	2020-01-18 00:22:51.664247
3658	Ms. Alessandra Kohler	1	Beatae ut fugiat et provident dolorem quisquam soluta quaerat a laudantium cumque id.	387	2020-01-18 00:22:51.666699	2020-01-18 00:22:51.666699
3659	Miss Lee Kreiger	1	Et cumque odit ut ea vel laudantium qui occaecati asperiores autem velit saepe.	388	2020-01-18 00:22:51.670719	2020-01-18 00:22:51.670719
3660	Consuela Lockman	3	Debitis quia quis tenetur ab sunt eaque et veritatis sed nihil eum occaecati.	388	2020-01-18 00:22:51.672663	2020-01-18 00:22:51.672663
3661	Mrs. Laverne Erdman	4	Eum sit dignissimos delectus nisi officia nihil autem facere omnis vel ducimus corporis.	388	2020-01-18 00:22:51.675067	2020-01-18 00:22:51.675067
3662	Willie Waters	3	Dolorem dicta ut sit et voluptas fugit et maxime est ducimus similique aut.	388	2020-01-18 00:22:51.677351	2020-01-18 00:22:51.677351
3663	Mr. Dulcie Mc Glynn	4	Id velit voluptatibus et qui quo eos voluptas eos similique odit aliquid deserunt.	388	2020-01-18 00:22:51.679335	2020-01-18 00:22:51.679335
3664	Isidro Auer	5	Temporibus libero vero voluptatum occaecati amet ad omnis saepe quo nihil sint suscipit.	389	2020-01-18 00:22:51.683526	2020-01-18 00:22:51.683526
3665	Mr. Haley Murazik	1	Rerum dolor voluptatem laudantium explicabo minus qui modi earum qui ea ullam reiciendis.	389	2020-01-18 00:22:51.685521	2020-01-18 00:22:51.685521
3666	Kyla Leannon	4	Voluptatem pariatur aperiam unde inventore et vero earum corrupti voluptas maiores accusamus illo.	389	2020-01-18 00:22:51.687646	2020-01-18 00:22:51.687646
3667	Saul Huels Ph D	3	Non facere voluptatibus labore ut quisquam voluptatem sit dolorum eveniet dolores asperiores odio.	389	2020-01-18 00:22:51.689519	2020-01-18 00:22:51.689519
3668	Ms. Maricruz Gutmann	4	Dolor accusamus ratione magni qui fuga ea voluptatem beatae quod aut reprehenderit id.	389	2020-01-18 00:22:51.692355	2020-01-18 00:22:51.692355
3669	Elias Wisoky Iv	3	Nesciunt eligendi veniam non alias natus dolores aliquam et repellendus tempore sunt repudiandae.	390	2020-01-18 00:22:51.696131	2020-01-18 00:22:51.696131
3670	Kristie Weber	2	Vel et nihil perferendis fugit animi tempora placeat nam minima dignissimos est sint.	390	2020-01-18 00:22:51.698454	2020-01-18 00:22:51.698454
3671	Percy Konopelski	5	Nesciunt nam vel quas natus minus et sit repudiandae accusantium itaque qui sed.	390	2020-01-18 00:22:51.700629	2020-01-18 00:22:51.700629
3672	Mariana Kertzmann	1	Voluptas earum quaerat ducimus et a corporis dolores numquam rerum amet vel odio.	390	2020-01-18 00:22:51.702551	2020-01-18 00:22:51.702551
3673	Asa White	3	Dignissimos placeat commodi magnam error sed porro in qui perferendis delectus voluptatem asperiores.	390	2020-01-18 00:22:51.704457	2020-01-18 00:22:51.704457
3674	Will Harber	4	Praesentium earum sint ut et excepturi aut quas dolore voluptas exercitationem et fugit.	391	2020-01-18 00:22:51.709551	2020-01-18 00:22:51.709551
3675	Geoffrey Torphy	5	Iure veniam qui illum iste sed dolores quia non culpa ullam dolores laudantium.	391	2020-01-18 00:22:51.711709	2020-01-18 00:22:51.711709
3676	Mr. Christia Boehm	3	Nulla tenetur architecto accusantium et sequi quaerat sint ab fuga at maiores quasi.	391	2020-01-18 00:22:51.713757	2020-01-18 00:22:51.713757
3677	Wilbert Abbott	1	Perferendis minima modi doloremque voluptates temporibus explicabo et voluptatibus quae qui quisquam earum.	391	2020-01-18 00:22:51.716537	2020-01-18 00:22:51.716537
3678	Andre Hilll	3	Placeat in cum asperiores velit laboriosam cupiditate aliquam itaque odit perspiciatis hic libero.	391	2020-01-18 00:22:51.718545	2020-01-18 00:22:51.718545
3679	Dr. Wilfredo Feeney	1	Odio similique omnis aspernatur recusandae velit culpa sapiente praesentium quibusdam qui aut ad.	392	2020-01-18 00:22:51.724485	2020-01-18 00:22:51.724485
3680	Porter Nicolas	5	Eligendi dignissimos minus eius et iure est illum qui impedit quod sit doloribus.	392	2020-01-18 00:22:51.726944	2020-01-18 00:22:51.726944
3681	Coy Nader	5	In esse laudantium numquam assumenda corrupti eveniet adipisci cumque enim suscipit quidem hic.	392	2020-01-18 00:22:51.728985	2020-01-18 00:22:51.728985
3682	Cedric Trantow V	5	Repudiandae ab necessitatibus accusantium quia eius temporibus vel fuga itaque atque rerum quos.	392	2020-01-18 00:22:51.731449	2020-01-18 00:22:51.731449
3683	Zoe Schoen	4	Laboriosam temporibus et minima tempora velit enim aut impedit ad quos et qui.	392	2020-01-18 00:22:51.733452	2020-01-18 00:22:51.733452
3684	Rhona Nikolaus	1	Praesentium aut non et nemo reprehenderit qui aut accusantium est repellat minus qui.	393	2020-01-18 00:22:51.737237	2020-01-18 00:22:51.737237
3685	Rebekah Hills	5	Fuga repellat ducimus cupiditate consequatur magni voluptatem non omnis reprehenderit reiciendis odit accusamus.	393	2020-01-18 00:22:51.739634	2020-01-18 00:22:51.739634
3686	Yu Zboncak	3	Eaque quis officia voluptatem iste laudantium aut enim ut nobis libero sit nam.	393	2020-01-18 00:22:51.741684	2020-01-18 00:22:51.741684
3687	Bryant Gaylord	1	Molestiae aut numquam impedit distinctio dolorem voluptatum magni suscipit inventore facere quisquam illo.	393	2020-01-18 00:22:51.743643	2020-01-18 00:22:51.743643
3688	Lakeisha Yundt	5	Velit quibusdam voluptatem magni qui eligendi facilis ut nesciunt necessitatibus iste beatae aperiam.	393	2020-01-18 00:22:51.745547	2020-01-18 00:22:51.745547
3689	Randal Hamill Iii	5	Delectus non rerum voluptates dolore consequatur non consequuntur laborum a vel id asperiores.	394	2020-01-18 00:22:51.750083	2020-01-18 00:22:51.750083
3690	Douglass Bogan	2	Aut quis consectetur quo in rerum aspernatur et aut sit est repudiandae dolore.	394	2020-01-18 00:22:51.75206	2020-01-18 00:22:51.75206
3691	Fatimah Kuhn	3	Consequatur et a sed libero culpa quasi eum accusantium rerum minima doloremque dolorum.	394	2020-01-18 00:22:51.754495	2020-01-18 00:22:51.754495
3692	Twanda Cartwright	3	Doloribus sapiente eaque repellendus veniam ut ut facere nulla quibusdam sit numquam qui.	394	2020-01-18 00:22:51.756614	2020-01-18 00:22:51.756614
3693	Devin Hilll	3	Quibusdam adipisci eos corrupti maxime perspiciatis officiis nihil qui voluptas magnam consequatur eum.	394	2020-01-18 00:22:51.758647	2020-01-18 00:22:51.758647
3694	Joleen Baumbach	3	Qui nulla asperiores aut pariatur porro eos assumenda enim deleniti tenetur repellat iusto.	395	2020-01-18 00:22:51.76303	2020-01-18 00:22:51.76303
3695	Jack Cormier	2	Quasi quis velit voluptates sunt qui fugiat ullam nobis doloremque sit voluptas sed.	395	2020-01-18 00:22:51.765086	2020-01-18 00:22:51.765086
3696	Albina Feil	2	Quae magnam atque neque nisi debitis velit labore optio nobis eos inventore beatae.	395	2020-01-18 00:22:51.767346	2020-01-18 00:22:51.767346
3697	Ms. Tamesha Osinski	5	Quis et repellendus adipisci aperiam consectetur accusamus saepe eaque quia id earum et.	395	2020-01-18 00:22:51.76939	2020-01-18 00:22:51.76939
3698	Ulysses Padberg I	4	Autem accusamus deserunt similique et cupiditate corrupti tenetur rerum sint unde et et.	395	2020-01-18 00:22:51.771347	2020-01-18 00:22:51.771347
3699	Terisa Walsh	4	Porro voluptate ut nostrum mollitia omnis a velit ipsam quis ea debitis blanditiis.	396	2020-01-18 00:22:51.775102	2020-01-18 00:22:51.775102
3700	Catharine Beahan	3	Omnis ut iusto molestias ea ut saepe id dolorum expedita totam dicta fugiat.	396	2020-01-18 00:22:51.777042	2020-01-18 00:22:51.777042
3701	Seymour Turcotte	5	Et officia sed est possimus in deleniti blanditiis eum sint sapiente voluptas officiis.	396	2020-01-18 00:22:51.779444	2020-01-18 00:22:51.779444
3702	Kenna Donnelly Md	3	Dignissimos voluptatem animi similique tenetur dolore perferendis id nam facilis quisquam esse iure.	396	2020-01-18 00:22:51.781759	2020-01-18 00:22:51.781759
3703	Carlton Lang	1	Autem sed saepe commodi dolores qui assumenda quos et amet quis rerum odit.	396	2020-01-18 00:22:51.783888	2020-01-18 00:22:51.783888
3704	Johnathan Hettinger	5	Maxime quam aut sed sit est rerum earum qui sapiente fugit et quia.	397	2020-01-18 00:22:51.787655	2020-01-18 00:22:51.787655
3705	Mrs. Alena Dach	3	Ut quos consequuntur quasi incidunt dolorum minus consequatur recusandae atque beatae molestiae porro.	397	2020-01-18 00:22:51.789692	2020-01-18 00:22:51.789692
3706	Tilda Marks	5	Quasi omnis non id eius dolores provident nesciunt qui aut eum et non.	397	2020-01-18 00:22:51.792094	2020-01-18 00:22:51.792094
3707	Brendon Daugherty	2	Et illo eos voluptas minima laudantium voluptate vitae ut quia ut quas ab.	397	2020-01-18 00:22:51.794747	2020-01-18 00:22:51.794747
3708	Fausto Spencer	1	Ducimus voluptatum autem sit aspernatur dolorum reiciendis et odio iste quisquam qui laudantium.	397	2020-01-18 00:22:51.796791	2020-01-18 00:22:51.796791
3709	Jonathon Dooley	1	Exercitationem explicabo fuga harum voluptatem fugiat vel qui natus eos dolor aut sed.	398	2020-01-18 00:22:51.800622	2020-01-18 00:22:51.800622
3710	Mr. Aron Schultz	5	Quis id quod cupiditate autem illum voluptas voluptatem non aut ratione aliquid hic.	398	2020-01-18 00:22:51.802682	2020-01-18 00:22:51.802682
3711	Ms. Florentino Koch	2	Inventore sit quasi asperiores minus vel et rerum quia maiores consectetur nobis necessitatibus.	398	2020-01-18 00:22:51.804604	2020-01-18 00:22:51.804604
3712	Arline Bartoletti Ph D	4	Non eaque consequatur eos aut reiciendis cupiditate sed voluptatem ut quisquam explicabo harum.	398	2020-01-18 00:22:51.806655	2020-01-18 00:22:51.806655
3713	Herman Metz	1	Nemo ipsa ullam et commodi qui quis quibusdam tenetur et dolorem officia temporibus.	398	2020-01-18 00:22:51.808848	2020-01-18 00:22:51.808848
3714	Isadora Cassin	3	Ad non enim nemo deleniti rerum quod distinctio qui officia omnis culpa quo.	399	2020-01-18 00:22:51.813413	2020-01-18 00:22:51.813413
3715	Frida Mueller Jr.	2	Tempore sit assumenda aut non suscipit doloremque sed dolorum facere illum et inventore.	399	2020-01-18 00:22:51.815514	2020-01-18 00:22:51.815514
3716	Mrs. Lauran Shanahan	2	Enim officia omnis enim sunt placeat nostrum sint expedita rerum eius quia nihil.	399	2020-01-18 00:22:51.817688	2020-01-18 00:22:51.817688
3717	Kelle Ondricka	2	Iste autem quisquam natus perferendis et illo sint dolor labore dolor amet ipsum.	399	2020-01-18 00:22:51.819695	2020-01-18 00:22:51.819695
3718	Waldo Langworth	4	Porro odit accusantium maiores blanditiis magnam sequi qui ut ut sit ipsum odio.	399	2020-01-18 00:22:51.822133	2020-01-18 00:22:51.822133
3719	Todd Heller	4	Similique et deserunt sed soluta vitae error dolores optio modi neque nobis et.	400	2020-01-18 00:22:51.907618	2020-01-18 00:22:51.907618
3720	Marc Cormier	3	Molestiae distinctio odit et nobis enim ipsa in unde ut beatae ut deserunt.	400	2020-01-18 00:22:51.951133	2020-01-18 00:22:51.951133
3721	Reginald Price	3	Quia neque praesentium repellendus iusto impedit non nesciunt quae numquam amet id vel.	400	2020-01-18 00:22:51.953617	2020-01-18 00:22:51.953617
3722	Pauletta Haag	5	Tempore eos similique fugiat necessitatibus quisquam fuga molestias quia eveniet distinctio voluptatem asperiores.	400	2020-01-18 00:22:51.955795	2020-01-18 00:22:51.955795
3723	Rick Heidenreich	4	Quasi nulla voluptates eos et est ducimus illo reprehenderit sit dolores et hic.	400	2020-01-18 00:22:51.958028	2020-01-18 00:22:51.958028
3724	Bart Hegmann	2	Blanditiis ipsa consequatur minus est officia nulla adipisci est dolores rerum laborum quos.	401	2020-01-18 00:22:51.962707	2020-01-18 00:22:51.962707
3725	Kristeen Rogahn	2	Et repudiandae quaerat velit ut sunt iste id harum eius repellendus recusandae ut.	401	2020-01-18 00:22:51.964837	2020-01-18 00:22:51.964837
3726	Margarette O'connell	3	Aut inventore recusandae sunt voluptatum officiis deleniti eveniet ut sit consequuntur nulla harum.	401	2020-01-18 00:22:51.966912	2020-01-18 00:22:51.966912
3727	Ms. Hector Gottlieb	4	Sed fugit labore nihil deleniti suscipit iure quia sed corporis unde quisquam odio.	401	2020-01-18 00:22:51.968965	2020-01-18 00:22:51.968965
3728	Aleshia Bosco Md	5	Qui non inventore sapiente enim blanditiis commodi iusto vero est officia totam similique.	401	2020-01-18 00:22:51.971177	2020-01-18 00:22:51.971177
3729	Marinda Cartwright	1	Consequatur laborum est eum mollitia voluptas totam provident aut vero et aliquam aspernatur.	402	2020-01-18 00:22:51.975694	2020-01-18 00:22:51.975694
3730	Alec Kuhn Sr.	3	Eius qui sunt aut omnis minima nisi sint illo praesentium iste consequatur id.	402	2020-01-18 00:22:51.977869	2020-01-18 00:22:51.977869
3731	Miss Miyoko Bode	4	Dolor et eveniet aut excepturi porro repellendus at dignissimos consequatur et ipsam ad.	402	2020-01-18 00:22:51.979928	2020-01-18 00:22:51.979928
3732	Letha Gerhold	5	Recusandae consequatur deserunt ea dignissimos aut quo ex et id tempore nisi assumenda.	402	2020-01-18 00:22:51.981998	2020-01-18 00:22:51.981998
3733	Dr. Kris Muller	3	Non veritatis non aut accusantium ad expedita voluptatibus sit debitis deleniti repudiandae voluptas.	402	2020-01-18 00:22:51.984085	2020-01-18 00:22:51.984085
3734	Ezekiel Jacobson	2	Voluptates blanditiis voluptas illo aliquid provident nisi nihil nam rerum atque sit aut.	403	2020-01-18 00:22:51.988089	2020-01-18 00:22:51.988089
3735	Sherie Roob Ph D	4	Et alias cupiditate sunt iusto et nobis voluptas maiores temporibus iure provident facere.	403	2020-01-18 00:22:51.990173	2020-01-18 00:22:51.990173
3736	Miss Kelvin Hansen	3	Neque voluptatem sint ab inventore quo quidem aut perferendis sed ut non voluptatem.	403	2020-01-18 00:22:51.992516	2020-01-18 00:22:51.992516
3737	Samatha Mc Clure	4	Autem dolorem rerum quasi nisi dolorem vitae nam sunt harum reiciendis maxime voluptatem.	403	2020-01-18 00:22:51.99469	2020-01-18 00:22:51.99469
3738	Delilah Buckridge	5	In explicabo molestiae laborum nihil illo facere voluptatibus placeat est dolor odio aut.	403	2020-01-18 00:22:51.996776	2020-01-18 00:22:51.996776
3739	Justin Feil	2	Nam dolorem aliquid a tenetur id nesciunt et consequatur minima ea architecto quasi.	404	2020-01-18 00:22:52.000949	2020-01-18 00:22:52.000949
3740	Nakisha Volkman	5	Et dignissimos quo nulla occaecati consequatur temporibus omnis ut velit sed aperiam explicabo.	404	2020-01-18 00:22:52.003094	2020-01-18 00:22:52.003094
3741	Celesta Halvorson	3	Sed illo tenetur aut et molestiae enim vel et ut earum debitis amet.	404	2020-01-18 00:22:52.005148	2020-01-18 00:22:52.005148
3742	Brent Shanahan	5	Voluptatum voluptates incidunt quo minima laborum aperiam eos ut voluptatem illo neque voluptate.	404	2020-01-18 00:22:52.007201	2020-01-18 00:22:52.007201
3743	Christian Collier	2	Labore et nesciunt id asperiores ad repellat aliquid nobis hic et ut sit.	404	2020-01-18 00:22:52.009686	2020-01-18 00:22:52.009686
3744	Debra Mohr	1	Ut modi quae voluptatem ipsum consectetur et delectus vel voluptatem quas similique ex.	405	2020-01-18 00:22:52.01383	2020-01-18 00:22:52.01383
3746	Miss Krissy Considine	4	Quis et ratione beatae et sequi dolores dolore inventore itaque neque qui dolorum.	405	2020-01-18 00:22:52.018217	2020-01-18 00:22:52.018217
3747	Ms. Barbar Kuvalis	3	Repudiandae quia ut dicta quasi accusantium accusamus mollitia unde non vel ducimus dignissimos.	405	2020-01-18 00:22:52.020253	2020-01-18 00:22:52.020253
3748	Joel Schaefer	2	Sit laboriosam nobis possimus rerum sunt quis nihil eveniet necessitatibus vero quia cumque.	405	2020-01-18 00:22:52.022953	2020-01-18 00:22:52.022953
3749	Darin Wehner Dvm	3	Ipsam ut molestiae id voluptas recusandae et qui sit id nulla ut rerum.	406	2020-01-18 00:22:52.02774	2020-01-18 00:22:52.02774
3750	Errol Hilll	5	Et officia recusandae qui enim et minus vero consectetur nisi in deserunt soluta.	406	2020-01-18 00:22:52.029735	2020-01-18 00:22:52.029735
3751	Jordon Thiel	1	Alias ipsam voluptates dolores quasi accusantium consequatur dolor qui molestiae velit rerum temporibus.	406	2020-01-18 00:22:52.031696	2020-01-18 00:22:52.031696
3752	Domitila Herman	1	Quia eaque praesentium dolore et iusto perspiciatis tempora est et voluptatem perferendis quia.	406	2020-01-18 00:22:52.033657	2020-01-18 00:22:52.033657
3753	Miss Renda Goodwin	4	Libero corporis debitis totam voluptatem odio asperiores ipsam delectus vero ullam quidem corrupti.	406	2020-01-18 00:22:52.035682	2020-01-18 00:22:52.035682
3754	Jennell Smith Jr.	3	Accusamus voluptate consectetur sint veritatis et facere ut ullam deleniti quaerat beatae odit.	407	2020-01-18 00:22:52.039703	2020-01-18 00:22:52.039703
3755	Mrs. Chieko Corwin	4	Aspernatur et ut officia nam culpa sunt tempore fugiat ea eos quis perspiciatis.	407	2020-01-18 00:22:52.042042	2020-01-18 00:22:52.042042
3756	Miss Verdie Farrell	1	Molestias repellendus fugiat impedit incidunt ratione et et quam consequuntur sit qui non.	407	2020-01-18 00:22:52.044081	2020-01-18 00:22:52.044081
3757	Nguyet Schmeler	4	Saepe quod non veritatis optio fuga et minus distinctio atque et numquam et.	407	2020-01-18 00:22:52.046069	2020-01-18 00:22:52.046069
3758	Rory Walter	3	Et autem rerum ab reprehenderit veniam velit quo sunt suscipit quidem veritatis delectus.	407	2020-01-18 00:22:52.048092	2020-01-18 00:22:52.048092
3760	Admin	2	lkjfdsadsakjfdsa;lk;lkjfdsa;lkjfdsa;lkjfdsa;lkjdsa;lkjfdsa;lkjfda;lkjfdsa	360	2020-01-25 00:35:25.345689	2020-01-25 00:35:25.345689
3761	New4	3	;;lkjfdsa;lkjhjoiuhdslkhulhukulhutslkhukjfdsluss;oiraahkurssa	361	2020-01-25 00:48:04.401261	2020-01-25 00:48:04.401261
3762	Admin	3	aflkjfd a;lkjfdsalkjfdsa ;ifdsajoijefds ;hu ;oihra;ljfd	364	2020-01-25 01:59:11.159748	2020-01-25 01:59:11.159748
3763	User	3	kja ;ljdfa oijfe oihfdsa ;oiaj; oi ;ijdsa ;oij doijfoih liuahliusahliusah saiuh dsalu	364	2020-01-25 02:00:01.491398	2020-01-25 02:00:01.491398
\.


--
-- Data for Name: schema_migrations; Type: TABLE DATA; Schema: public; Owner: lee
--

COPY public.schema_migrations (version) FROM stdin;
20200117210839
20200117211308
20200117211408
20200124173837
20200124185534
\.


--
-- Data for Name: users; Type: TABLE DATA; Schema: public; Owner: lee
--

COPY public.users (id, email, password_hash, password_salt, admin) FROM stdin;
15	admin	$2a$12$vDu9l4aFzeROTaroS6XiM.OCeupS4pydGbv/xms58kOpEvz0y2t.q	$2a$12$vDu9l4aFzeROTaroS6XiM.	t
16	user	$2a$12$nuzdsNqzZZuqDYYpND.Gt.s/MgcZAzd7a5H5F/wBTCnesB0FG5yMe	$2a$12$nuzdsNqzZZuqDYYpND.Gt.	f
\.


--
-- Name: products_id_seq; Type: SEQUENCE SET; Schema: public; Owner: lee
--

SELECT pg_catalog.setval('public.products_id_seq', 407, true);


--
-- Name: reviews_id_seq; Type: SEQUENCE SET; Schema: public; Owner: lee
--

SELECT pg_catalog.setval('public.reviews_id_seq', 3763, true);


--
-- Name: users_id_seq; Type: SEQUENCE SET; Schema: public; Owner: lee
--

SELECT pg_catalog.setval('public.users_id_seq', 16, true);


--
-- Name: ar_internal_metadata ar_internal_metadata_pkey; Type: CONSTRAINT; Schema: public; Owner: lee
--

ALTER TABLE ONLY public.ar_internal_metadata
    ADD CONSTRAINT ar_internal_metadata_pkey PRIMARY KEY (key);


--
-- Name: products products_pkey; Type: CONSTRAINT; Schema: public; Owner: lee
--

ALTER TABLE ONLY public.products
    ADD CONSTRAINT products_pkey PRIMARY KEY (id);


--
-- Name: reviews reviews_pkey; Type: CONSTRAINT; Schema: public; Owner: lee
--

ALTER TABLE ONLY public.reviews
    ADD CONSTRAINT reviews_pkey PRIMARY KEY (id);


--
-- Name: schema_migrations schema_migrations_pkey; Type: CONSTRAINT; Schema: public; Owner: lee
--

ALTER TABLE ONLY public.schema_migrations
    ADD CONSTRAINT schema_migrations_pkey PRIMARY KEY (version);


--
-- Name: users users_pkey; Type: CONSTRAINT; Schema: public; Owner: lee
--

ALTER TABLE ONLY public.users
    ADD CONSTRAINT users_pkey PRIMARY KEY (id);


--
-- Name: reviews fk_rails_bedd9094d4; Type: FK CONSTRAINT; Schema: public; Owner: lee
--

ALTER TABLE ONLY public.reviews
    ADD CONSTRAINT fk_rails_bedd9094d4 FOREIGN KEY (product_id) REFERENCES public.products(id);


--
-- PostgreSQL database dump complete
--

